name,Category,website_url
www.booking.com,Travel,https://www.booking.com/index.html?aid=1743217
travelsites.com,Travel,https://travelsites.com/tripadvisor/
www.momondo.in,Travel,https://www.momondo.in/?ispredir=true
www.ebookers.com,Travel,https://www.ebookers.com/?AFFCID=EBOOKERS-UK.network.affiliatewindow.85386&awc=7904_1606029543_518c2af76500871f76cadec26f8eb055
book.priceline.com,Travel,https://book.priceline.com/?refid=8431&refclickid=d196c1c3cad4c6e474196ac6815f9652
www.trip.com,Travel,https://www.trip.com/index?locale=en_us&allianceid=21934&SID=455408&ouid=198c18a52c8911eb811b00ce0a18050d
www.orbitz.com,Travel,https://www.orbitz.com/
www.travelocity.com,Travel,https://www.travelocity.com/
www.hotwire.com,Travel,https://www.hotwire.com/
www.otel.com,Travel,https://www.otel.com/
www.airbnb.co.in,Travel,https://www.airbnb.co.in/?locale=en&_set_bev_on_new_domain=1606041642_YjI0OGQ3OWI5MDI2
in.lastminute.com,Travel,https://in.lastminute.com/
www.onthebeach.co.uk,Travel,https://www.onthebeach.co.uk/?Adnetwork=aw&afid=85386&mv_pc=AW&awc=3655_1606041657_3771582e5a1d8da6c1b3321d83f9f0c4&utm_source=AWIN&utm_medium=affiliates&utm_campaign=85386
www.kayak.co.in,Travel,https://www.kayak.co.in/?ispredir=true
www.marriott.com,Travel,https://www.marriott.com/default.mi?aff=MARWW&affname=10l1110&co=WW&nt=PH
www.costcotravel.com,Travel,https://www.costcotravel.com/
www.hoteltonight.com,Travel,https://www.hoteltonight.com/
hoteltravelclub.com,Travel,https://hoteltravelclub.com/
www.wyndhamhotels.com,Travel,https://www.wyndhamhotels.com/en-uk/ramada
westin.marriott.com,Travel,https://westin.marriott.com/
www.capellahotels.com,Travel,https://www.capellahotels.com/en/capella-ubud
www.hotelamparo.com,Travel,http://www.hotelamparo.com/
fogoislandinn.ca,Travel,https://fogoislandinn.ca/
www.ritzcarlton.com,Travel,https://www.ritzcarlton.com/en/hotels/indonesia/bali#Hotel
secretbay.dm,Travel,https://secretbay.dm/
canaves.com,Travel,https://canaves.com/canaves-oia-epitome/
www.sunsetkeycottages.com,Travel,https://www.sunsetkeycottages.com/
www.twinfarms.com,Travel,https://www.twinfarms.com/
www.pueblobonito.com,Travel,https://www.pueblobonito.com/resorts/emerald-bay
nihi.com,Travel,https://nihi.com/
www.viceroyhotelsandresorts.com,Travel,https://www.viceroyhotelsandresorts.com/los-cabos
www.mandarinoriental.com,Travel,https://www.mandarinoriental.com/munich/altstadt/luxury-hotel
northblockhotel.com,Travel,https://northblockhotel.com/
www.milestonehotel.com,Travel,https://www.milestonehotel.com/?cjevent=4ec1f2f92cc511eb834e01140a180510
www.rockhouse.com,Social Networking and Messaging,https://www.rockhouse.com/
www.affordabletours.com,Travel,https://www.affordabletours.com/
www.totallyspain.com,Travel,https://www.totallyspain.com/
dreamworldtravel.co.uk,Travel,https://dreamworldtravel.co.uk/
www.joytours.com,Travel,https://www.joytours.com/
njewasafaris.com,Travel,https://njewasafaris.com/
www.nepalspiritualtrekking.com,Travel,https://www.nepalspiritualtrekking.com/
www.aandftour.com,News,https://www.aandftour.com//
inkaexperience.com,Travel,https://inkaexperience.com/
www.peru-travels.com,Travel,http://www.peru-travels.com/
www.shiptoshoretravelltd.com,Travel,https://www.shiptoshoretravelltd.com/
www.hnltravel.com,Travel,https://www.hnltravel.com/index.html
islanddreamsworldtravel.com,Travel,https://islanddreamsworldtravel.com/
www.okeanostravel.com,Travel,http://www.okeanostravel.com/
www.discovermongolia.mn,Travel,https://www.discovermongolia.mn/
www.turansa.com,Travel,https://www.turansa.com/
albatros-travel.com,Travel,https://albatros-travel.com/
www.kenyadreamholidays.com,Travel,http://www.kenyadreamholidays.com/
fts-travels.com,Travel,https://fts-travels.com/
www.aimadventures.com,Travel,http://www.aimadventures.com/
www.nbitravel.com,Travel,https://www.nbitravel.com/
www.justcruisinplus.com,Travel,http://www.justcruisinplus.com/
www.dwwatsontravel.com,Travel,https://www.dwwatsontravel.com/
essentialdownunder.com,Travel,http://essentialdownunder.com/
www.phuket-trips.com,Travel,https://www.phuket-trips.com/
www.golfholidaysintl.com,Travel,http://www.golfholidaysintl.com/
www.zentravel.gr,Travel,http://www.zentravel.gr/
circuitosturquia.com,Travel,https://circuitosturquia.com/
www.jjbtravel.com,Travel,http://www.jjbtravel.com/
www.ethiousatour.com,Travel,https://www.ethiousatour.com/
agavetravelcreative.com,Travel,https://agavetravelcreative.com/
www.oberoihotels.com,Travel,https://www.oberoihotels.com/hotels-in-jaipur-rajvilas-resort/?utm_source=affred&utm_medium=aff&utm_campaign=gbl-affmkt&_affclk=ttuk:118609::0::118609::143859c9f626eb0724f38065d097d658::::1606071865:902jip
www.jumeirah.com,Travel,https://www.jumeirah.com/en/stay/dubai/burj-al-arab-jumeirah
tierrahotels.com,Travel,https://tierrahotels.com/patagonia/
www.hotelcaferoyal.com,Travel,https://www.hotelcaferoyal.com/
www.ritzparis.com,Travel,https://www.ritzparis.com/en-GB
www.thehousecollective.com,Travel,https://www.thehousecollective.com/en/the-middle-house/
www.grandhoteltremezzo.com,Travel,https://www.grandhoteltremezzo.com/en/home/
www.waldorfastorialoscabospedregal.com,Travel,https://www.waldorfastorialoscabospedregal.com/
www.andbeyond.com,Travel,https://www.andbeyond.com/our-lodges/africa/south-africa/kruger-national-park/ngala-private-game-reserve/andbeyond-ngala-safari-lodge/
novotel.accor.com,Travel,https://novotel.accor.com/gb/usa/index.shtml
www.delta.com,Travel,https://www.delta.com/apac/en
www.jal.co.jp,Travel,https://www.jal.co.jp/inl/en/
www.spicejet.com,Travel,https://www.spicejet.com/
www.airnewzealand.co.nz,Travel,https://www.airnewzealand.co.nz/homepage
www.finnair.com,Travel,https://www.finnair.com/
www.britishairways.com,Travel,https://www.britishairways.com/travel/home/public/en_in/
www.airvistara.com,Travel,https://www.airvistara.com/in/en
www.singaporeair.com,Travel,https://www.singaporeair.com/en_UK/in/home#/book/bookflight
www.olacabs.com,Travel,https://www.olacabs.com/
www.meru.in,Travel,https://www.meru.in/
www.carzonrent.com,Travel,https://www.carzonrent.com/
www.bharattaxi.com,Travel,https://www.bharattaxi.com/
www.megacabs.com,Travel,https://www.megacabs.com/
www.mytaxiindia.com,Travel,http://www.mytaxiindia.com/
www.zoomcar.com,Travel,https://www.zoomcar.com/bangalore/
www.lyft.com,Travel,https://www.lyft.com/
www.grab.com,Travel,https://www.grab.com/sg/transport/taxi/
www.bitaksi.com,Travel,http://www.bitaksi.com/en/
www.avaseakrabi.com,Travel,https://www.avaseakrabi.com/
www.fariyas.com,Travel,https://www.fariyas.com/resort-in-lonavala/
www.fernhotels.com,Travel,https://www.fernhotels.com/
www.tajhotels.com,Travel,https://www.tajhotels.com/
www.montriresort-bangkok.com,Travel,https://www.montriresort-bangkok.com/
www.tridenthotels.com,Travel,https://www.tridenthotels.com/
www.tropicanaalibaug.com,Travel,https://www.tropicanaalibaug.com/
www.anantara.com,Travel,https://www.anantara.com/en/riverside-bangkok
sunbeachresortgorai.com,Travel,http://sunbeachresortgorai.com/
waterfrontshaw.com,Travel,https://waterfrontshaw.com/
www.alliancehospitality.in,Travel,https://www.alliancehospitality.in/moksh_farms.html
www.silenthillsresort.com,Travel,https://www.silenthillsresort.com/
www.fubo.tv,Streaming Services,https://www.fubo.tv/lp/StreamTV/?irad=343747&irmp=398453&subId1=streamingservices&subId2=ckhgo1ujg00003r8zaneft7pl
www.hulu.com,Streaming Services,https://www.hulu.com/
tv.youtube.com,Streaming Services,https://tv.youtube.com/
www.attwatchtv.com,Streaming Services,https://www.attwatchtv.com/
www.klowdtv.com,Streaming Services,https://www.klowdtv.com/
corporate.pluto.tv,Streaming Services,https://corporate.pluto.tv/
www.xumo.tv,Streaming Services,https://www.xumo.tv/
www.zee5.com,Streaming Services,https://www.zee5.com/
www.netflix.com,Streaming Services,https://www.netflix.com/in/
www.bravotv.com,Streaming Services,https://www.bravotv.com
watch.diynetwork.com,Streaming Services,https://watch.diynetwork.com/watch/diy
abc.com,Streaming Services,https://abc.com
www.plex.tv,Streaming Services,https://www.plex.tv
www.popcornflix.com,Streaming Services,https://www.popcornflix.com/pages/discover/d/movies
www.aetv.com,Streaming Services,https://www.aetv.com
www.amebatv.com,Streaming Services,https://www.amebatv.com
www.ahctv.com,Streaming Services,https://www.ahctv.com
www.amc.com,Streaming Services,https://www.amc.com
www.cbs.com,Streaming Services,https://www.cbs.com
www.contv.com,Streaming Services,https://www.contv.com/browse-movie/
www.epix.com,Streaming Services,https://www.epix.com
www.freeform.com,Streaming Services,https://www.freeform.com
www.hmnow.com,Streaming Services,https://www.hmnow.com
www.here.tv,Streaming Services,https://www.here.tv
www.criterionchannel.com,Streaming Services,https://www.criterionchannel.com
upfaithandfamily.com,Streaming Services,https://upfaithandfamily.com
tubitv.com,Streaming Services,https://tubitv.com
www.iflix.com,Streaming Services,https://www.iflix.com
www.vudu.com,Streaming Services,https://www.vudu.com
123moviesfree.net,Streaming Services,https://123moviesfree.net/home
putlocker-is.org,Streaming Services,https://putlocker-is.org
www.kanopy.com,Streaming Services,https://www.kanopy.com
www.apple.com,Streaming Services,https://www.apple.com/itunes/
www.spotify.com,Streaming Services,https://www.spotify.com/in/
music.youtube.com,Streaming Services,https://music.youtube.com
music.amazon.in,Streaming Services,https://music.amazon.in
www.hungama.com,Streaming Services,https://www.hungama.com
soundcloud.com,Streaming Services,https://soundcloud.com
www.jamendo.com,Social Networking and Messaging,https://www.jamendo.com/?language=en
www.soundclick.com,Streaming Services,https://www.soundclick.com
www.idagio.com,Streaming Services,https://www.idagio.com
tidal.com,Streaming Services,https://tidal.com
gaana.com,Streaming Services,https://gaana.com
www.jiosaavn.com,Streaming Services,https://www.jiosaavn.com
www.livexlive.com,Streaming Services,https://www.livexlive.com
us.napster.com,Streaming Services,https://us.napster.com
www.primephonic.com,Streaming Services,https://www.primephonic.com
groovesharks.org,Streaming Services,https://groovesharks.org
www.murfie.com,Streaming Services,https://www.murfie.com
www.anghami.com,Streaming Services,https://www.anghami.com
www.epidemicsound.com,Streaming Services,https://www.epidemicsound.com
www.last.fm,Streaming Services,https://www.last.fm
blip.fm,Streaming Services,https://blip.fm
www.jango.com,Streaming Services,https://www.jango.com
www.iheart.com,Streaming Services,https://www.iheart.com/podcast/
vimeo.com,Streaming Services,https://vimeo.com
www.twitch.tv,Streaming Services,https://www.twitch.tv
livestream.com,Streaming Services,https://livestream.com
www.periscope.tv,Streaming Services,https://www.periscope.tv
www.dacast.com,Streaming Services,https://www.dacast.com
video.ibm.com,Streaming Services,https://video.ibm.com
www.shoutcast.com,Streaming Services,https://www.shoutcast.com
www.panopto.com,Streaming Services,https://www.panopto.com
streamlabs.com,Streaming Services,https://streamlabs.com
corp.kaltura.com,Streaming Services,https://corp.kaltura.com
www.vplayed.com,Streaming Services,https://www.vplayed.com
dlive.tv,Streaming Services,https://dlive.tv
www.vmix.com,Streaming Services,https://www.vmix.com
www.live555.com,Streaming Services,http://www.live555.com
www.facebook.com,Streaming Services,https://www.facebook.com/formedia/solutions/facebook-live
clipbucket.com,Streaming Services,https://clipbucket.com
www.ventunotech.com,Streaming Services,https://www.ventunotech.com
www.shift72.com,Streaming Services,https://www.shift72.com
instagib.tv,Streaming Services,https://instagib.tv
switchboard.live,Streaming Services,https://switchboard.live
streamyard.com,Streaming Services,https://streamyard.com
www.primevideo.com,Streaming Services,https://www.primevideo.com
mubi.com,Streaming Services,https://mubi.com
www.sho.com,Streaming Services,https://www.sho.com/video/full-episodes
azm.to,Streaming Services,https://azm.to
www.broadwayhd.com,Streaming Services,https://www.broadwayhd.com
www.cameleon.live,Streaming Services,https://www.cameleon.live
www.hidive.com,Streaming Services,https://www.hidive.com
www.medici.tv,Streaming Services,https://www.medici.tv/en/
www.metacdn.com,Streaming Services,http://www.metacdn.com
quibi.com,Streaming Services,https://quibi.com
www.shemarooent.com,Streaming Services,https://www.shemarooent.com
www.siriusxm.com,Streaming Services,https://www.siriusxm.com
www.att.com,Streaming Services,https://www.att.com/tv/
tunein.com,Streaming Services,https://tunein.com
www.purevolume.com,Streaming Services,https://www.purevolume.com/?safari=1
wynk.in,Streaming Services,https://wynk.in/music
watch.mhzchoice.com,Streaming Services,https://watch.mhzchoice.com
www.pantaya.com,Streaming Services,https://www.pantaya.com/en/movies
spuul.com,Streaming Services,https://spuul.com
solarmovie.mom,Streaming Services,https://solarmovie.mom
gostreamsite.ga,Streaming Services,https://gostreamsite.ga
www.imdb.com,Streaming Services,https://www.imdb.com/tv/
moviestars.to,Streaming Services,https://moviestars.to
www.stream4u.net,Streaming Services,https://www.stream4u.net
ww5.fmovie.sc,Streaming Services,https://ww5.fmovie.sc
www.streamlord.com,Streaming Services,http://www.streamlord.com/index.html
flixtor.is,Streaming Services,https://flixtor.is/home
www.yidio.com,Streaming Services,https://www.yidio.com
sports.inquirer.net,Sports,https://sports.inquirer.net/
wwos.nine.com.au,Sports,https://wwos.nine.com.au/
www.essentiallysports.com,Sports,https://www.essentiallysports.com/
www.insidesport.co,Sports,https://www.insidesport.co/
www.sportsnet.ca,Sports,https://www.sportsnet.ca/
www.theroar.com.au,Sports,https://www.theroar.com.au/
canoe.com,Sports,https://canoe.com/category/sports/
sportscafe.in,Sports,https://sportscafe.in/
www.footballcritic.com,Sports,https://www.footballcritic.com/
www.whatproswear.com,Sports,https://www.whatproswear.com/
www.sportscrunch.in,Sports,https://www.sportscrunch.in/
arysports.tv,Sports,https://arysports.tv/
usatodayhss.com,Sports,https://usatodayhss.com/
www.thesportsnews.in,Sports,https://www.thesportsnews.in/
unafraidshow.com,Sports,https://unafraidshow.com/
worldinsport.com,Sports,https://worldinsport.com/
www.indiansportsnews.com,Sports,http://www.indiansportsnews.com/
www.sportsnewsireland.com,Sports,https://www.sportsnewsireland.com/
westwoodonesports.com,Sports,https://westwoodonesports.com/
xtratime.in,Sports,https://xtratime.in/
www.sportelo.com.ng,Sports,https://www.sportelo.com.ng/
sportsrenegade.com,Sports,https://sportsrenegade.com/
www.thesportsmirror.com,Sports,https://www.thesportsmirror.com/
franchisesports.co.uk,Sports,https://franchisesports.co.uk/
pacificnwsports.com,Sports,https://pacificnwsports.com/
247sportsgist.com,Sports,https://247sportsgist.com/
prosportsoutlook.com,Sports,https://prosportsoutlook.com/
www.sportskanazee.com,Sports,https://www.sportskanazee.com/
tksportstalk.com,Sports,https://tksportstalk.com/
daenadsports.blogspot.com,Sports,https://daenadsports.blogspot.com/
sportsevolve.blogspot.com,Sports,https://sportsevolve.blogspot.com/
www.sportspac12.com,Sports,https://www.sportspac12.com/
www.manunitedforever.net,Sports,http://www.manunitedforever.net/
sportsration.com,Sports,https://sportsration.com/
www.footballaudit.com,Sports,https://www.footballaudit.com/
www.csipacific.ca,Sports,https://www.csipacific.ca/
www.thebuzzsports.com,Sports,https://www.thebuzzsports.com/
www.sporttechie.com,Sports,https://www.sporttechie.com/
sportsnewsmoney.com,Sports,https://sportsnewsmoney.com/
globalmoneyworld.com,Sports,https://globalmoneyworld.com/index.php/category/global-world-sports/
www.scout.com,Sports,https://www.scout.com/
seriouslysports.com,Sports,https://seriouslysports.com/
sportstar.thehindu.com,Sports,https://sportstar.thehindu.com/
sportsinfonow.com,Sports,https://sportsinfonow.com/
www.sportsmanagement.co.uk,Sports,https://www.sportsmanagement.co.uk/index.cfm
www.completesports.com,Sports,https://www.completesports.com/
sportgrill.blog,Sports,https://sportgrill.blog/
blog.betzcenter.com,Sports,https://blog.betzcenter.com/
www.sportsplatform.in,Social Networking and Messaging,https://www.sportsplatform.in/
sportspages.in,Sports,https://sportspages.in/blog/
benwsportblog.wordpress.com,Sports,https://benwsportblog.wordpress.com/
www.sportshype.online,Sports,https://www.sportshype.online/
kridangan.com,Sports,http://kridangan.com/
www.athletesanon.com,Sports,https://www.athletesanon.com/blog
dailysport.co.ke,Sports,http://dailysport.co.ke/
sportsvilla.wordpress.com,Sports,https://sportsvilla.wordpress.com/
www.goal.com,Sports,https://www.goal.com/en
www.101greatgoals.com,Sports,https://www.101greatgoals.com/
www.thisisanfield.com,Sports,https://www.thisisanfield.com/
sport360.com,Sports,https://sport360.com/
www.criclines.com,Sports,https://www.criclines.com/
www.cricadium.com,Sports,https://www.cricadium.com/
cricblog.net,Sports,https://cricblog.net/
www.cricxtasy.com,Sports,https://www.cricxtasy.com/
www.beforeyoubet.com.au,Sports,https://www.beforeyoubet.com.au/
www.zerocric.com,Sports,https://www.zerocric.com/
www.thefulltoss.com,News,https://www.thefulltoss.com/
www.sweepcricket.com,Sports,https://www.sweepcricket.com/
caribbeancricket.com,Sports,https://caribbeancricket.com/news
cricket-cup.blogspot.com,Sports,https://cricket-cup.blogspot.com/
www.mycricket.ae,Sports,https://www.mycricket.ae/
caughtatpoint.com,Sports,https://caughtatpoint.com/
www.qldcricket.com.au,Sports,https://www.qldcricket.com.au/
www.starsandstripesfc.com,Sports,https://www.starsandstripesfc.com/
www.yoursoccerdose.com,Sports,https://www.yoursoccerdose.com/
www.liverpoolecho.co.uk,Sports,https://www.liverpoolecho.co.uk/
www.football.london,Sports,https://www.football.london/
www.avillafan.com,Sports,http://www.avillafan.com/
www.just-football.com,Sports,http://www.just-football.com/
onefootball.com,Sports,https://onefootball.com/en/home
www.nottinghampost.com,Sports,https://www.nottinghampost.com/sport/football/
www.soccerstats.com,Sports,https://www.soccerstats.com/
www.diariogol.com,Sports,https://www.diariogol.com/
crickettimes.com,Sports,https://crickettimes.com/
www.legaseriea.it,Sports,http://www.legaseriea.it/en
arseblog.com,Sports,https://arseblog.com/
sportslens.com,Sports,https://sportslens.com/
www.transfermarkt.com,Sports,https://www.transfermarkt.com/
nypost.com,Sports,https://nypost.com/baseball/
razzball.com,Sports,https://razzball.com/
d1baseball.com,Sports,https://d1baseball.com/
www.baseballamerica.com,Sports,https://www.baseballamerica.com/
www.baseball-reference.com,Sports,https://www.baseball-reference.com/
www.badzine.net,Sports,http://www.badzine.net/
www.badmintonengland.co.uk,Sports,https://www.badmintonengland.co.uk/
www.badmintonireland.com,Sports,https://www.badmintonireland.com/
everything-badminton.com,Sports,http://everything-badminton.com/
shuttlesmash.com,Sports,https://shuttlesmash.com/
tennisforfree.com,Sports,https://tennisforfree.com/
www.wtatennis.com,Sports,https://www.wtatennis.com/
www.tennis.com,Sports,https://www.tennis.com/
www.tennisexplorer.com,Sports,https://www.tennisexplorer.com/
secondlife.com,Social Networking and Messaging,https://secondlife.com/
www.paltalk.com,Social Networking and Messaging,https://www.paltalk.com/
secure.imvu.com,Social Networking and Messaging,https://secure.imvu.com/welcome/ftux/
enterchatroom.com,Social Networking and Messaging,https://enterchatroom.com/
www.antichat.me,Social Networking and Messaging,https://www.antichat.me/
chatroulette.com,Social Networking and Messaging,https://chatroulette.com/
rockchat.net,Social Networking and Messaging,https://rockchat.net/
www.chatforfree.org,Social Networking and Messaging,https://www.chatforfree.org/
www.elitesingles.com,Social Networking and Messaging,https://www.elitesingles.com/
www.charmdate.com,Social Networking and Messaging,https://www.charmdate.com/
www.321chat.com,Social Networking and Messaging,https://www.321chat.com/
chat.icq.com,Social Networking and Messaging,https://chat.icq.com/icqchat/
www.tendermeets.com,Social Networking and Messaging,https://www.tendermeets.com/couple/chat-rooms.html
www.mocospace.com,Social Networking and Messaging,https://www.mocospace.com/
tinychat.com,Social Networking and Messaging,https://tinychat.com/
www.justchat.co.uk,Social Networking and Messaging,https://www.justchat.co.uk/
p.badoo.com,Social Networking and Messaging,https://p.badoo.com/l/2f23922d23e23c25722521422122120b21
www.elitemate.com,Social Networking and Messaging,https://www.elitemate.com/
date.com,Social Networking and Messaging,https://date.com/
www.flirt.com,Social Networking and Messaging,https://www.flirt.com/
www.chatib.us,Social Networking and Messaging,https://www.chatib.us/
www.wireclub.com,Social Networking and Messaging,https://www.wireclub.com/
www.match.com,Social Networking and Messaging,https://www.match.com/
www.youtube.com,Social Networking and Messaging,https://www.youtube.com/
www.whatsapp.com,Social Networking and Messaging,https://www.whatsapp.com/
messenger.com,Social Networking and Messaging,https://messenger.com/
www.instagram.com,Social Networking and Messaging,https://www.instagram.com/
www.tumblr.com,Social Networking and Messaging,https://www.tumblr.com/
www.linkedin.com,Social Networking and Messaging,https://www.linkedin.com/
www.snapchat.com,Social Networking and Messaging,https://www.snapchat.com/
www.pinterest.com,Social Networking and Messaging,https://www.pinterest.com/
line.me,Social Networking and Messaging,https://line.me/en/
telegram.org,Social Networking and Messaging,https://telegram.org/
www.chat-avenue.com,Social Networking and Messaging,https://www.chat-avenue.com/
ukchat.com,Social Networking and Messaging,https://ukchat.com/
www.kidschat.net,Social Networking and Messaging,https://www.kidschat.net/
www.teen-chat.org,Social Networking and Messaging,https://www.teen-chat.org/
www.tinychat.com,Social Networking and Messaging,https://www.tinychat.com/
y99.in,Social Networking and Messaging,https://y99.in/
chat.tripsit.me,Social Networking and Messaging,https://chat.tripsit.me/
www.omegle.com,Social Networking and Messaging,https://www.omegle.com/
allotalk.com,Social Networking and Messaging,https://allotalk.com/
www.rphaven.com,Social Networking and Messaging,http://www.rphaven.com/
www.buzzen.com,Social Networking and Messaging,https://www.buzzen.com/
www.chat27.co.za,Social Networking and Messaging,https://www.chat27.co.za/
b-gay.com,Social Networking and Messaging,http://b-gay.com/chat/
www.gaychat.zone,Social Networking and Messaging,https://www.gaychat.zone/
www.buzz50.com,Social Networking and Messaging,https://www.buzz50.com/
seniorchatters.co.uk,Social Networking and Messaging,https://seniorchatters.co.uk/
www.chatogo.com,Social Networking and Messaging,https://www.chatogo.com/
www.healthfulchat.org,Social Networking and Messaging,http://www.healthfulchat.org/all-chat-rooms.html
www.chathour.com,Social Networking and Messaging,http://www.chathour.com/
www.spinchat.com,Social Networking and Messaging,https://www.spinchat.com/
xat.com,Social Networking and Messaging,https://xat.com/
www.chatblink.com,Social Networking and Messaging,https://www.chatblink.com/chat-list
en.lycos.social,Social Networking and Messaging,https://en.lycos.social/
www.usachatnow.com,Social Networking and Messaging,https://www.usachatnow.com/
www.icq-chat.com,Social Networking and Messaging,http://www.icq-chat.com/
christianchat.com,Social Networking and Messaging,http://christianchat.com/
www.vpchat.com,Social Networking and Messaging,http://www.vpchat.com/
chattusa.com,Social Networking and Messaging,http://chattusa.com/
www.camamba.com,Social Networking and Messaging,https://www.camamba.com/
www.blackchat.co.uk,Social Networking and Messaging,http://www.blackchat.co.uk/blackchatold/hangout/
www.kidzworld.com,Social Networking and Messaging,http://www.kidzworld.com/chat
www.jesusrocksonirc.net,Social Networking and Messaging,http://www.jesusrocksonirc.net/
www.chatpit.com,Social Networking and Messaging,https://www.chatpit.com/
www.chatfamily.com,Social Networking and Messaging,https://www.chatfamily.com/
www.diigo.com,Social Networking and Messaging,https://www.diigo.com/
twitpic.com,Social Networking and Messaging,https://twitpic.com/
hi5.com,Social Networking and Messaging,https://hi5.com/
xanga.com,Social Networking and Messaging,http://xanga.com/
www.care2.com,Social Networking and Messaging,https://www.care2.com/
www.orkut.com,Social Networking and Messaging,http://www.orkut.com/
getsatisfaction.com,Social Networking and Messaging,https://getsatisfaction.com/
www.digitalcameraworld.com,Photography,https://www.digitalcameraworld.com
www.cambridgeincolour.com,Photography,https://www.cambridgeincolour.com
photographylife.com,Photography,https://photographylife.com
fstoppers.com,Photography,https://fstoppers.com
camerajabber.com,Photography,https://camerajabber.com
www.diyphotography.net,Photography,https://www.diyphotography.net
iphonephotographyschool.com,Photography,https://iphonephotographyschool.com
www.dpreview.com,Photography,https://www.dpreview.com
www.thesprucecrafts.com,Photography,https://www.thesprucecrafts.com/photography-4162939
500px.com,Photography,https://500px.com
www.thephotoargus.com,Photography,https://www.thephotoargus.com
levonbiss.com,Photography,https://levonbiss.com
www.petermckinnon.com,Photography,https://www.petermckinnon.com
www.mpkelley.com,Photography,https://www.mpkelley.com
blazinphoto.com,Photography,https://blazinphoto.com
www.harisnukem.com,Photography,http://www.harisnukem.com
www.lieben.no,Photography,https://www.lieben.no
www.branditoolephoto.com,Photography,https://www.branditoolephoto.com
www.sanzlena.com,Photography,http://www.sanzlena.com
www.kaylafisherphotography.com,Photography,https://www.kaylafisherphotography.com
www.mathieustern.com,Photography,https://www.mathieustern.com
cassandraladru.com,Photography,https://cassandraladru.com
www.danielkennedy.com,Photography,https://www.danielkennedy.com
daniloandsharon.com,Photography,https://daniloandsharon.com
www.adambirdphotography.com,Photography,https://www.adambirdphotography.com
www.moyo-studio.com,Photography,https://www.moyo-studio.com
alexisjuliaphoto.com,Photography,https://alexisjuliaphoto.com
www.davemorrowphotography.com,Photography,https://www.davemorrowphotography.com/photography-fundamentals
www.dodho.com,Photography,https://www.dodho.com
thefashioncamera.com,Photography,https://thefashioncamera.com
www.featureshoot.com,Photography,https://www.featureshoot.com
intothenightphoto.blogspot.com,Photography,http://intothenightphoto.blogspot.com
www.fionakellyphotography.com,Photography,https://www.fionakellyphotography.com/blog/
www.behindtheshutter.com,Photography,https://www.behindtheshutter.com
petapixel.com,Photography,https://petapixel.com
www.lightstalking.com,Photography,https://www.lightstalking.com
www.photo.net,Photography,https://www.photo.net
www.picturecorrect.com,Photography,https://www.picturecorrect.com
www.slrlounge.com,Photography,https://www.slrlounge.com
www.popphoto.com,Photography,https://www.popphoto.com
photography.tutsplus.com,Photography,https://photography.tutsplus.com
www.creativelive.com,Photography,https://www.creativelive.com/photography?via=hero-freeform_1
www.whatsthebest.co.uk,Photography,https://www.whatsthebest.co.uk/tech/photography/
tomhull.co.uk,Photography,https://tomhull.co.uk
www.linnimages.com,Photography,https://www.linnimages.com
www.amitmehra.com,Photography,https://www.amitmehra.com
www.jillgreenberg.com,Photography,https://www.jillgreenberg.com
www.jonathanglynnsmith.com,Photography,https://www.jonathanglynnsmith.com
www.nateluebbe.com,Photography,https://www.nateluebbe.com
www.brentstirton.com,Photography,http://www.brentstirton.com
www.dollyave.com,Photography,http://www.dollyave.com
east.co,Photography,https://east.co
www.360cities.net,Photography,https://www.360cities.net/
www.bbc.com,Photography,https://www.bbc.com/news/in_pictures
www.blipfoto.com,Photography,https://www.blipfoto.com/
c4fap.org,Photography,https://c4fap.org/
www.deviantart.com,Social Networking and Messaging,https://www.deviantart.com/
www.coolphotoideas.com,Photography,https://www.coolphotoideas.com/
www.digitalphotopro.com,Photography,https://www.digitalphotopro.com/technique/
digital-photography-school.com,Photography,https://digital-photography-school.com/
www.ephotozine.com,Photography,http://www.ephotozine.com/
filemagazine.com,Photography,https://filemagazine.com/
www.ippawards.com,Photography,https://www.ippawards.com/
morguefile.com,Photography,https://morguefile.com/
www.capture-life.de,Photography,https://www.capture-life.de/
www.morganleephotographer.com,Photography,https://www.morganleephotographer.com/
www.bulbcreative.co,Photography,https://www.bulbcreative.co/
josephhardin.com,Photography,https://josephhardin.com/
rmweddingfilms.co.uk,Photography,https://rmweddingfilms.co.uk/
mlphotofilm.com,Photography,https://mlphotofilm.com/
www.velare.co,Photography,https://www.velare.co/
www.roseyredphotography.com,Photography,https://www.roseyredphotography.com/
www.outdoorphotographer.com,Photography,https://www.outdoorphotographer.com/
www.naturephotographers.network,Photography,https://www.naturephotographers.network/
www.pawspetphotography.co.uk,Photography,http://www.pawspetphotography.co.uk/galleries/
psa-photo.org,Photography,https://psa-photo.org/
www.photographytalk.com,Photography,https://www.photographytalk.com/2
markhancock.blogspot.com,Photography,http://markhancock.blogspot.com/
www.photopreneur.com,Photography,http://www.photopreneur.com/
pimpyourcam.com,Photography,http://pimpyourcam.com/
www.pixyblog.com,Photography,https://www.pixyblog.com/
rps.org,Photography,https://rps.org/
strobist.blogspot.com,Photography,https://strobist.blogspot.com/
thealbumcafe.com,Photography,https://thealbumcafe.com/
theonlinephotographer.typepad.com,Photography,https://theonlinephotographer.typepad.com/the_online_photographer/
www.weatherscapes.com,Photography,http://www.weatherscapes.com/
www.jasonbellphoto.com,Photography,https://www.jasonbellphoto.com/#/home/
news.google.com,News,https://news.google.com/
news.yahoo.com,News,https://news.yahoo.com/
edition.cnn.com,News,https://edition.cnn.com/
www.nytimes.com,News,https://www.nytimes.com/
www.theguardian.com,News,https://www.theguardian.com/international
www.washingtonpost.com,News,https://www.washingtonpost.com/
www.indiatimes.com,News,https://www.indiatimes.com/
www.foxnews.com,News,https://www.foxnews.com/
www.usatoday.com,News,https://www.usatoday.com/
www.wsj.com,News,https://www.wsj.com/
www.nbcnews.com,News,https://www.nbcnews.com/
timesofindia.indiatimes.com,News,http://timesofindia.indiatimes.com/
abcnews.go.com,News,https://abcnews.go.com/
sputniknews.com,News,https://sputniknews.com/
www.abc.net.au,News,https://www.abc.net.au/news/
www.independent.co.uk,News,https://www.independent.co.uk/
www.cbc.ca,News,https://www.cbc.ca/news/
www.thesun.co.uk,News,https://www.thesun.co.uk/news/
time.com,News,https://time.com/
www.latimes.com,News,https://www.latimes.com/
www.mirror.co.uk,News,https://www.mirror.co.uk/https://news.sky.com/
www.vox.com,News,https://www.vox.com/
www.smh.com.au,News,https://www.smh.com.au/
www.scmp.com,News,https://www.scmp.com/
www.ctvnews.ca,News,https://www.ctvnews.ca/
www.france24.com,News,https://www.france24.com/en/
news24online.com,News,https://news24online.com/
globalnews.ca,News,https://globalnews.ca/
www.channelnewsasia.com,News,https://www.channelnewsasia.com/
www.dkoding.in,News,https://www.dkoding.in/
ifp.co.in,News,https://ifp.co.in/
www.rawstory.com,News,https://www.rawstory.com/
www.thestar.com,News,https://www.thestar.com/
www.washingtontimes.com,News,https://www.washingtontimes.com/
www.todayonline.com,News,https://www.todayonline.com/
www.telegraphindia.com,News,https://www.telegraphindia.com/
www.newsnow.co.uk,News,https://www.newsnow.co.uk/h/World+News
www.csmonitor.com,News,https://www.csmonitor.com/
www.easternherald.com,News,https://www.easternherald.com/
world.wng.org,News,https://world.wng.org/
newsblaze.com,News,https://newsblaze.com/
www.neweurope.eu,News,https://www.neweurope.eu/
www.watchdoguganda.com,News,https://www.watchdoguganda.com/
headlinecode.com,News,https://headlinecode.com/
warritatafo.com,News,https://warritatafo.com/
www.newsrust.com,News,https://www.newsrust.com/
globalpressjournal.com,News,https://globalpressjournal.com/
newslanes.com,News,https://newslanes.com/
www.thenexthint.com,News,https://www.thenexthint.com/
digitalive.world,News,https://digitalive.world/
www.newyorker.com,News,https://www.newyorker.com/
newszetu.com,News,https://newszetu.com/
weeklyworldnews.com,News,https://weeklyworldnews.com/
newsblenda.com,News,https://newsblenda.com/
www.chron.com,News,https://www.chron.com/
www.news.com.au,News,https://www.news.com.au/
www.nzherald.co.nz,News,https://www.nzherald.co.nz/
www.huffpost.com,News,https://www.huffpost.com/
www.bloomberg.com,News,https://www.bloomberg.com/
www.thedailybeast.com,News,https://www.thedailybeast.com/
publictv.in,News,https://publictv.in/
www.neduwealth.com,Photography,http://www.neduwealth.com/
yerozo.com,News,https://yerozo.com/
zemocity.com,News,https://zemocity.com/
newsobservatory.com,News,https://newsobservatory.com/
lionnetnews.com,News,https://lionnetnews.com/
www.thetimesinplainenglish.com,News,https://www.thetimesinplainenglish.com/
richardsnewsonline.com,News,https://richardsnewsonline.com/
balticword.eu,News,https://balticword.eu/
www.thelifecart.com,News,https://www.thelifecart.com/
rightnowtimes.com,News,https://rightnowtimes.com/
amnews247.com,News,https://amnews247.com/
thedetrend.com,News,https://thedetrend.com/
breakingnewscentral.com,News,https://breakingnewscentral.com/
timespek.com,Travel,https://timespek.com/
www.igorbnews.com,News,https://www.igorbnews.com/
globalvisionuk.com,News,https://globalvisionuk.com/
theweeklytide.com,News,http://theweeklytide.com/
www.justworldnews.com,News,http://www.justworldnews.com/
www.avjnews.com,News,https://www.avjnews.com/
dainikviral.com,News,https://dainikviral.com/
awkwardvibes.com,News,https://awkwardvibes.com/
www.theworldwomennews.com,News,https://www.theworldwomennews.com/
quicktrendnews.wordpress.com,News,https://quicktrendnews.wordpress.com/
thedailycanvas.com,News,https://thedailycanvas.com/
www.excite-news.site,News,https://www.excite-news.site/
www.worldpresslive.com,News,https://www.worldpresslive.com/
reporterfox.com,News,https://reporterfox.com/
www.suresource24.com,News,https://www.suresource24.com/
moef.gov.in,Law and Government,http://moef.gov.in
goidirectory.nic.in,Law and Government,http://goidirectory.nic.in/index.php
pensionersportal.gov.in,Law and Government,https://pensionersportal.gov.in
www.mea.gov.in,Law and Government,https://www.mea.gov.in
www.finmin.nic.in,Law and Government,https://www.finmin.nic.in
www.mod.gov.in,Law and Government,https://www.mod.gov.in
socialjustice.nic.in,Law and Government,http://socialjustice.nic.in
www.nmdfc.org,Law and Government,http://www.nmdfc.org
mib.gov.in,Law and Government,https://mib.gov.in
bombayhighcourt.nic.in,Law and Government,https://bombayhighcourt.nic.in
lawmin.gov.in,Law and Government,https://lawmin.gov.in
mumbaipolice.co.in,Law and Government,https://mumbaipolice.co.in
narcoticsindia.nic.in,Law and Government,http://narcoticsindia.nic.in
www.upsc.gov.in,Law and Government,https://www.upsc.gov.in
www.indianarmy.nic.in,Law and Government,https://www.indianarmy.nic.in/home
www.ncbc.nic.in,Law and Government,http://www.ncbc.nic.in/Home.aspx
indianairforce.nic.in,Law and Government,https://indianairforce.nic.in
ifs.nic.in,Law and Government,http://ifs.nic.in
ips.gov.in,Law and Government,https://ips.gov.in
www.mha.gov.in,Law and Government,https://www.mha.gov.in
www.nia.gov.in,Law and Government,https://www.nia.gov.in
crpf.gov.in,Law and Government,https://crpf.gov.in
polisen.se,Law and Government,https://polisen.se/en/
www.rcmp-grc.gc.ca,Law and Government,https://www.rcmp-grc.gc.ca
www.canada.ca,Law and Government,https://www.canada.ca/en/security-intelligence-service.html
www.fbi.gov,Law and Government,https://www.fbi.gov
www.cia.gov,Law and Government,https://www.cia.gov/index.html
www.interpol.int,Law and Government,https://www.interpol.int/en
government.ru,Law and Government,http://government.ru/en/structure/
www.asis.gov.au,Law and Government,https://www.asis.gov.au
www.dea.gov,Law and Government,https://www.dea.gov
www.ice.gov,Law and Government,https://www.ice.gov
www.cbic.gov.in,Law and Government,https://www.cbic.gov.in
www.prisonministryindia.org,Law and Government,https://www.prisonministryindia.org
www.bjs.gov,Law and Government,https://www.bjs.gov
www.ncjrs.gov,Law and Government,https://www.ncjrs.gov
www.justice.gov,Law and Government,https://www.justice.gov
doj.gov.in,Law and Government,https://doj.gov.in
nij.ojp.gov,Law and Government,https://nij.ojp.gov
www.indianembassyusa.gov.in,Law and Government,https://www.indianembassyusa.gov.in
www.gst.gov.in,Law and Government,https://www.gst.gov.in
www.incometaxindia.gov.in,Law and Government,https://www.incometaxindia.gov.in/Pages/default.aspx
in.usembassy.gov,Law and Government,https://in.usembassy.gov
portal2.passportindia.gov.in,Law and Government,https://portal2.passportindia.gov.in/AppOnlineProject/welcomeLink
www.dof.gov.ph,Law and Government,https://www.dof.gov.ph
www.gov.scot,Law and Government,https://www.gov.scot
www.police-foundation.org.uk,Law and Government,http://www.police-foundation.org.uk
bja.ojp.gov,Law and Government,https://bja.ojp.gov
www.ojp.gov,Law and Government,https://www.ojp.gov
nicic.gov,Law and Government,https://nicic.gov
ovc.ojp.gov,Law and Government,https://ovc.ojp.gov
www.atf.gov,Law and Government,https://www.atf.gov
www.policefoundationindia.org,Law and Government,https://www.policefoundationindia.org
cops.usdoj.gov,Law and Government,https://cops.usdoj.gov
www.bop.gov,Law and Government,https://www.bop.gov
cabsec.gov.in,Law and Government,https://cabsec.gov.in/index.php
ncdrc.nic.in,Law and Government,http://ncdrc.nic.in
www.legislation.gov.uk,Law and Government,https://www.legislation.gov.uk
www.indiacode.nic.in,Law and Government,https://www.indiacode.nic.in
legalaffairs.gov.in,Law and Government,https://legalaffairs.gov.in
www.congress.gov,Law and Government,https://www.congress.gov
leginfo.legislature.ca.gov,Law and Government,https://leginfo.legislature.ca.gov
www.pmindia.gov.in,Law and Government,https://www.pmindia.gov.in/en/
persmin.gov.in,Law and Government,https://persmin.gov.in
www.legislation.govt.nz,Law and Government,http://www.legislation.govt.nz
eci.gov.in,Law and Government,https://eci.gov.in
ceo.maharashtra.gov.in,Law and Government,https://ceo.maharashtra.gov.in
www.fec.gov,Law and Government,https://www.fec.gov
rti.gov.in,Law and Government,https://rti.gov.in
www.legislation.sa.gov.au,Law and Government,https://www.legislation.sa.gov.au/index.aspx
vote.gov,Law and Government,https://vote.gov
www.eac.gov,Law and Government,https://www.eac.gov
www.electoralcommission.org.uk,Law and Government,https://www.electoralcommission.org.uk
loksabha.nic.in,Law and Government,https://loksabha.nic.in
www.lawcom.gov.uk,Law and Government,https://www.lawcom.gov.uk
www.parliament.uk,Law and Government,https://www.parliament.uk
www.legis.state.pa.us,Law and Government,https://www.legis.state.pa.us
www.legislation.wa.gov.au,Law and Government,https://www.legislation.wa.gov.au
eparlib.nic.in,Law and Government,https://eparlib.nic.in
www.ipu.org,Law and Government,https://www.ipu.org
districts.ecourts.gov.in,Law and Government,https://districts.ecourts.gov.in
www.legis.iowa.gov,Law and Government,https://www.legis.iowa.gov
www.army.mod.uk,Law and Government,https://www.army.mod.uk
www.stmaryskids.org,Health and Fitness,http://www.stmaryskids.org/
www.kidswithfoodallergies.org,Health and Fitness,http://www.kidswithfoodallergies.org/
www.malecare.org,Health and Fitness,http://www.malecare.org/
www.degosdisease.com,Health and Fitness,http://www.degosdisease.com/
www.freedomhealthrecovery.com,Health and Fitness,http://www.freedomhealthrecovery.com/
www.cancer.org,Health and Fitness,http://www.cancer.org/research/cancerfactsstatistics/index
www.nymemory.org,Health and Fitness,http://www.nymemory.org/
www.yunkeracupuncture.com,Health and Fitness,http://www.yunkeracupuncture.com/
www.curavet.com,Health and Fitness,http://www.curavet.com/
www.wrlfmd.org,Health and Fitness,http://www.wrlfmd.org/
www.learnayurveda.com,Health and Fitness,http://www.learnayurveda.com/research.html
www.securethefuture.com,Health and Fitness,http://www.securethefuture.com/
www.pocaan.org,Health and Fitness,http://www.pocaan.org/
www.idsociety.org,Health and Fitness,http://www.idsociety.org/
www.chikungunya.in,Health and Fitness,http://www.chikungunya.in/
www.asthmastory.com,Health and Fitness,http://www.asthmastory.com/
www.cellutitis.org,Health and Fitness,http://www.cellutitis.org/
brokenjawtips.com,Health and Fitness,http://brokenjawtips.com/
patient.info,Health and Fitness,http://patient.info/
www.mayoclinic.org,Health and Fitness,https://www.mayoclinic.org/
www.en.usz.ch,Health and Fitness,http://www.en.usz.ch/Pages/default.aspx
www.nm.org,Health and Fitness,https://www.nm.org/
www.mountsinai.org,Health and Fitness,https://www.mountsinai.org/
www.hamad.qa,Health and Fitness,https://www.hamad.qa/EN/Pages/default.aspx
www.saintfrancis.com,Health and Fitness,https://www.saintfrancis.com/
www.baylorhealth.com,Health and Fitness,http://www.baylorhealth.com/Pages/Default.aspx
www.luriechildrens.org,Health and Fitness,https://www.luriechildrens.org/
www.rivalfitnessseattle.com,Health and Fitness,http://www.rivalfitnessseattle.com/
www.studiomix.com,Health and Fitness,https://www.studiomix.com/
www.orangetheory.com,Health and Fitness,https://www.orangetheory.com/en-in/
charlestonkettlebellclub.com,Health and Fitness,https://charlestonkettlebellclub.com/
www.joyoushealth.com,Health and Fitness,https://www.joyoushealth.com/
www.thegymla.com,Health and Fitness,http://www.thegymla.com/
republicbos.com,Health and Fitness,https://republicbos.com/
www.ironbridgecrossfit.com,Health and Fitness,https://www.ironbridgecrossfit.com/
crosstownfitness.com,Health and Fitness,https://crosstownfitness.com/
www.prevailboxing.com,Health and Fitness,http://www.prevailboxing.com/
portlandteamfitness.com,Health and Fitness,http://portlandteamfitness.com/
firebrandsports.com,Health and Fitness,https://firebrandsports.com/
pulsepdx.net,Health and Fitness,https://pulsepdx.net/
www.push511.com,Health and Fitness,https://www.push511.com/
www.fulcrumfitness.com,Health and Fitness,https://www.fulcrumfitness.com/
www.castlehillfitness.com,Travel,https://www.castlehillfitness.com/
www.apollohospitals.com,Health and Fitness,https://www.apollohospitals.com/
www.fortishealthcare.com,Health and Fitness,https://www.fortishealthcare.com/
www.maxhealthcare.in,Health and Fitness,https://www.maxhealthcare.in/
www.narayanahealth.org,Health and Fitness,https://www.narayanahealth.org/
sgrh.com,Health and Fitness,https://sgrh.com/
www.ilbs.in,Health and Fitness,https://www.ilbs.in/
www.medanta.org,Health and Fitness,https://www.medanta.org/
www.sankaranethralaya.org,Health and Fitness,https://www.sankaranethralaya.org/
carehospitals.com,Health and Fitness,https://carehospitals.com/
safety.blr.com,Health and Fitness,https://safety.blr.com/
www.rphworld.com,Health and Fitness,http://www.rphworld.com/
medlibrary.org,Health and Fitness,http://medlibrary.org/
cshp-nb.ca,Health and Fitness,http://cshp-nb.ca/
www.oilofpisces.com,Health and Fitness,http://www.oilofpisces.com/
www.aafp.org,Health and Fitness,http://www.aafp.org/
www.stmarymercy.org,Health and Fitness,http://www.stmarymercy.org/
aathermography.com,Health and Fitness,http://aathermography.com/
www.asma.org,Health and Fitness,http://www.asma.org/
ecps.md,Health and Fitness,http://ecps.md/
www.poh.org,Health and Fitness,http://www.poh.org/
drpoulter.com,Health and Fitness,http://drpoulter.com/
youngerfaces.com,Health and Fitness,http://youngerfaces.com/
www.renewman.com,Health and Fitness,http://www.renewman.com/
www.badyogi.com,Health and Fitness,http://www.badyogi.com/blog/
yogawithadriene.com,Health and Fitness,https://yogawithadriene.com/blog/
www.yogagirl.com,Health and Fitness,https://www.yogagirl.com/read
www.yogajournal.com,Health and Fitness,https://www.yogajournal.com/
yogajanda.com,Health and Fitness,https://yogajanda.com/blog/
blog.spiritvoyage.com,Health and Fitness,https://blog.spiritvoyage.com/
www.yogabasics.com,Health and Fitness,https://www.yogabasics.com/practice/
www.mindbodygreen.com,Health and Fitness,https://www.mindbodygreen.com/
www.yogiapproved.com,Health and Fitness,https://www.yogiapproved.com/
blog.yogamatters.com,Health and Fitness,https://blog.yogamatters.com/
www.yogabycandace.com,Health and Fitness,https://www.yogabycandace.com/blog
iloveveterinary.com,Health and Fitness,https://iloveveterinary.com/
www.viovet.co.uk,Health and Fitness,https://www.viovet.co.uk/blog
www.vettimes.co.uk,News,https://www.vettimes.co.uk/
www.reddit.com,Health and Fitness,https://www.reddit.com/r/AskVet/
www.avma.org,Health and Fitness,https://www.avma.org/blog
www.petpoisonhelpline.com,Health and Fitness,https://www.petpoisonhelpline.com/blog/
medicalfuturist.com,Health and Fitness,https://medicalfuturist.com/
www.webmd.com,Health and Fitness,https://www.webmd.com/
www.everydayhealth.com,Health and Fitness,https://www.everydayhealth.com/
www.health.com,Health and Fitness,https://www.health.com/
www.medscape.com,Health and Fitness,https://www.medscape.com/
www.healthline.com,Health and Fitness,https://www.healthline.com/
www.mercola.com,Health and Fitness,https://www.mercola.com/
www.chess-poster.com,Games,http://www.chess-poster.com/
onlinechessstrategy.com,Games,http://onlinechessstrategy.com/
www.chessebook.com,Games,http://www.chessebook.com/
www.chessvideos.tv,Games,http://www.chessvideos.tv/
www.thechessworld.com,Games,http://www.thechessworld.com/
www.chess.com,Games,http://www.chess.com/
chessbomb.com,Games,http://chessbomb.com/
www.chessdom.com,Games,http://www.chessdom.com/
www.chessdryad.com,Games,http://www.chessdryad.com/
www.chessgames.com,Games,http://www.chessgames.com/http://www.setupgroup.com/xo/
www.di.fc.ul.pt,Games,http://www.di.fc.ul.pt/~jpn/gv/
www.5straight.net,Games,http://www.5straight.net/
boardgamegeek.com,Games,http://boardgamegeek.com/boardgame/369/5ive-straight
www.boardgamegeek.com,Games,http://www.boardgamegeek.com/game/2545
en.wikipedia.org,Games,https://en.wikipedia.org/wiki/Morabaraba
www.tradgames.org.uk,Games,http://www.tradgames.org.uk/games/Nine-Mens-Morris.htm
www.cox-tv.com,Games,http://www.cox-tv.com/games/rules/morris.html
www.chess.4mg.com,Games,http://www.chess.4mg.com/
www.chesspals.com,Games,http://www.chesspals.com/
www.pagat.com,Games,https://www.pagat.com/adders/
members.tripod.com,Games,http://members.tripod.com/~Germantown_Peggers/cribfrms.htm
www.cribbage.org,Games,http://www.cribbage.org/
ace2three.com,Games,http://ace2three.com/
ginrummytournaments.com,Games,http://ginrummytournaments.com/
cardgames.io,Games,http://cardgames.io/ginrummy/
www.onlinecasinoreports.com,Games,http://www.onlinecasinoreports.com/casinogames/online-gin-rummy.php
www.mu.org,Games,http://www.mu.org/~doug/mao/
www.wikipedia.org,Games,http://www.wikipedia.org/wiki/President_(game)
www.realbeer.com,Games,http://www.realbeer.com/fun/games/games-353.php
www.chessandpoker.com,Games,http://www.chessandpoker.com/solitaire_strategy.html
www.funagain.com,Games,http://www.funagain.com/cgi-bin/funagain/04222
www.rpg.net,Games,http://www.rpg.net/news+reviews/reviews/rev_4588.html
www.pevans.co.uk,Games,http://www.pevans.co.uk/Reviews/BigCheese.html
www.angelfire.com,Games,http://www.angelfire.com/pq/Urhixidur/Nuke/Nuke.html
www.atlas-games.com,Games,http://www.atlas-games.com/onceuponatime/
gamecabinet.com,Games,http://gamecabinet.com/rules/OnceUponATimeVariant.html
www.portmacquariebridge.websyte.com.au,Games,http://www.portmacquariebridge.websyte.com.au/
www.pmhbridge.com.au,E-Commerce,http://www.pmhbridge.com.au/
quicktricks.com.au,Games,http://quicktricks.com.au/
www.trumps.net.au,Games,http://www.trumps.net.au/
www.twintowns.bridgeaustralia.org,Games,http://www.twintowns.bridgeaustralia.org/
www.atarihq.com,Games,http://www.atarihq.com/museum/coinops/index.html
www.arcadebelgium.be,Games,http://www.arcadebelgium.be/
www.larwe.com,Games,http://www.larwe.com/coinop/index.html
www.games-db.com,Games,http://www.games-db.com/Arcade/
www.arcade-history.com,Games,http://www.arcade-history.com/
home.hiwaay.net,Games,http://home.hiwaay.net/~lkseitz/cvg/nexus/
www.russprince.com,Games,http://www.russprince.com/cabinet/
txshowdown.com,Games,http://txshowdown.com/
www.vaps.org,Games,http://www.vaps.org/
www.ionpool.net,Games,http://www.ionpool.net/arcade/asteroidtech/asteroidsrepair.html
www.basementarcade.com,Games,http://www.basementarcade.com/arcade/toobin/
www.flippers.com,Games,http://www.flippers.com/
www.ksarcade.net,Games,http://www.ksarcade.net/
economypinballrepair.weebly.com,Games,http://economypinballrepair.weebly.com/
mezelmods.com,Games,http://mezelmods.com/
www.moorepinballs.com,Games,http://www.moorepinballs.com/
www.mopinball.com,Games,http://www.mopinball.com/
www.dickestel.com,Games,http://www.dickestel.com/classicexpo.htm
www.bogglewords.com,Games,http://www.bogglewords.com/
bolsboardgames.com,Games,http://bolsboardgames.com/
www.eingang.org,Games,http://www.eingang.org/Games/boggle.html
www.worldbunco.com,Games,http://www.worldbunco.com/
www.fillorbust.com,Games,http://www.fillorbust.com/
www.bingogamingnews.com,Games,http://www.bingogamingnews.com/
nationalmarblestournament.org,Games,http://nationalmarblestournament.org/
www.tableskittles.com,Games,http://www.tableskittles.com/
www.etwa.org,Games,http://www.etwa.org/
www.apegames.com,Games,http://www.apegames.com/
www.augustgames.com,Games,http://www.augustgames.com/
www.brickcommander.com,Games,http://www.brickcommander.com/
www.clashofarms.com,Games,http://www.clashofarms.com/
www.operationoverkill.com,Games,http://www.operationoverkill.com/
www.sunrisedoors.com,Games,http://www.sunrisedoors.com/
www.wolfysilver.co.uk,Games,http://www.wolfysilver.co.uk/WM/
haven.theonering.net,Games,http://haven.theonering.net/
cobra5.proboards.com,Games,http://cobra5.proboards.com/
phobiaverse.proboards.com,Games,http://phobiaverse.proboards.com/
www.roleplayinggames.net,Games,http://www.roleplayinggames.net/
www.eliteskills.com,Games,http://www.eliteskills.com/rp/
ussagamemnon.iwarp.com,Games,http://ussagamemnon.iwarp.com/
www.eurogamer.net,Games,http://www.eurogamer.net/article.php?article_id=66766
www.gamespot.com,Games,http://www.gamespot.com/american-mcgees-alice/summary/
www.loonygames.com,Games,http://www.loonygames.com/content/2.1/feat/
www.gamerevolution.com,Games,http://www.gamerevolution.com/review/pc/alice
www.mobygames.com,Games,http://www.mobygames.com/game/arabian-nights
www.quora.com,Forums,https://www.quora.com/
stackoverflow.com,Forums,https://stackoverflow.com/
www.indiaforums.com,Forums,https://www.indiaforums.com/
answers.google.com,Forums,https://answers.google.com/
www.aelyria.com,Forums,http://www.aelyria.com/
www.airliners.net,Forums,https://www.airliners.net/forum/
www.alternatehistory.com,Forums,https://www.alternatehistory.com/
arstechnica.com,Forums,https://arstechnica.com/civis/
atrl.net,Forums,https://atrl.net/
forums.craigslist.org,Forums,https://forums.craigslist.org/?areaID=85
www.eevblog.com,Forums,https://www.eevblog.com/
www.fark.com,Forums,https://www.fark.com/
thehub.online,Forums,https://thehub.online/hub-forums/
www.wattpad.com,Forums,https://www.wattpad.com/
www.skyscrapercity.com,Forums,https://www.skyscrapercity.com/forums/india.450/
deliciouslyella.com,Food,https://deliciouslyella.com/
pinchofyum.com,Food,https://pinchofyum.com/
balancedbites.com,Food,https://balancedbites.com/
cookieandkate.com,Food,https://cookieandkate.com/
runningonrealfood.com,Food,https://runningonrealfood.com/
www.afamilyfeast.com,Food,https://www.afamilyfeast.com/
myfoodstory.com,Food,https://myfoodstory.com/
greenkitchenstories.com,Food,https://greenkitchenstories.com/
www.loveandlemons.com,Food,https://www.loveandlemons.com/
www.thepioneerwoman.com,E-Commerce,https://www.thepioneerwoman.com/
recipesfromapantry.com,Food,https://recipesfromapantry.com/
www.sproutedkitchen.com,Food,https://www.sproutedkitchen.com/
sallysbakingaddiction.com,Food,https://sallysbakingaddiction.com/
ohsheglows.com,Food,https://ohsheglows.com/
www.cookrepublic.com,Food,https://www.cookrepublic.com/
thefirstmess.com,Food,https://thefirstmess.com/
olivebarandkitchen.com,Food,https://olivebarandkitchen.com/
www.moxhe.com.au,Food,http://www.moxhe.com.au/
www.risotteriamelottinyc.com,Food,https://www.risotteriamelottinyc.com/
elburro.no,Food,http://elburro.no/
www.7thheaven.in,Food,https://www.7thheaven.in/
teavilla.in,Food,http://teavilla.in/
www.theproteinbar.com,Food,https://www.theproteinbar.com/
www.easybistro.com,Food,http://www.easybistro.com/
www.ililinyc.com,Food,https://www.ililinyc.com/
www.foxinthesnow.com,Food,https://www.foxinthesnow.com/
susiecakes.com,Food,http://susiecakes.com/
www.gaylesbakery.com,Food,https://www.gaylesbakery.com/
www.jillycakesorlando.com,Food,https://www.jillycakesorlando.com/
iloveladycakes.com,Food,https://iloveladycakes.com/
www.portosbakery.com,Food,https://www.portosbakery.com/
www.bakerynouveau.com,Food,https://www.bakerynouveau.com/
buzzbakeshop.com,Food,https://buzzbakeshop.com/
www.alessibakery.com,Food,https://www.alessibakery.com/
rakskitchen.net,Food,https://rakskitchen.net/
www.skinnytaste.com,Food,https://www.skinnytaste.com/
cookiesandcups.com,Food,https://cookiesandcups.com/
www.cookingclassy.com,Food,https://www.cookingclassy.com/
bakewithshivesh.com,Food,https://bakewithshivesh.com/
www.manjulaskitchen.com,Food,https://www.manjulaskitchen.com/
www.100daysofrealfood.com,Food,https://www.100daysofrealfood.com/
www.simplyrecipes.com,Food,https://www.simplyrecipes.com/
www.thebowwindowcafe.co.uk,Food,https://www.thebowwindowcafe.co.uk/
lilacpatisserie.com,Food,http://lilacpatisserie.com/
www.henhouseeatery.com,Food,https://www.henhouseeatery.com/
cafenoseaustin.com,Food,https://cafenoseaustin.com/
www.parakeetcafe.com,Food,https://www.parakeetcafe.com/
www.cloudcitycoffee.com,Food,https://www.cloudcitycoffee.com/
littlegoatchicago.com,Food,https://littlegoatchicago.com/
www.zinccafe.com,E-Commerce,https://www.zinccafe.com/
www.cornertablenantucket.com,Food,https://www.cornertablenantucket.com/
notescoffee.com,Food,https://notescoffee.com/
diethood.com,Food,https://diethood.com/
www.burrobarboston.com,Food,https://www.burrobarboston.com/
www.whiskey.kitchen,Food,https://www.whiskey.kitchen/
www.vegrecipesofindia.com,Food,https://www.vegrecipesofindia.com/
www.casknyc.com,Food,https://www.casknyc.com/
dinnerthendessert.com,Food,https://dinnerthendessert.com/
www.tioluchin.com,Food,http://www.tioluchin.com/
www.thecenturybar.com.au,Food,https://www.thecenturybar.com.au/
www.onceuponachef.com,Food,https://www.onceuponachef.com/
thewoksoflife.com,Food,https://thewoksoflife.com/
www.dineout.co.in,Food,https://www.dineout.co.in/
www.eazydiner.com,Food,https://www.eazydiner.com/mumbai?loc=mumbai
masterchefmom.blogspot.com,Food,https://masterchefmom.blogspot.com/
www.padhuskitchen.com,Food,https://www.padhuskitchen.com/
www.tacobell.co.in,Food,https://www.tacobell.co.in/
skinnyms.com,Food,https://skinnyms.com/https://mallikabasu.com/
www.thasneen.com,Food,http://www.thasneen.com/cooking/
simplytadka.com,Food,https://simplytadka.com/
www.aspicyperspective.com,Food,https://www.aspicyperspective.com/
tastesbetterfromscratch.com,Food,https://tastesbetterfromscratch.com/
www.jocooks.com,Food,https://www.jocooks.com/blog/
www.sanjeevkapoor.com,Food,https://www.sanjeevkapoor.com/
www.chefajaychopra.com,Food,https://www.chefajaychopra.com/
anjuladevi.com,Food,https://anjuladevi.com/
anjalipathak.com,Food,http://anjalipathak.com/
smittenkitchen.com,Food,https://smittenkitchen.com//
gimmedelicious.com,Food,https://gimmedelicious.com/
caterbakes.com,Food,https://caterbakes.com/
onceuponafoodblog.com,Food,https://onceuponafoodblog.com/
www.loveandrisotto.com,Food,https://www.loveandrisotto.com/
thymetomango.com,Food,http://thymetomango.com/
rachelhomecooking.com,Food,https://rachelhomecooking.com/
www.thegraphicfoodie.co.uk,Food,http://www.thegraphicfoodie.co.uk/
cookingforone341683522.wordpress.com,Food,https://cookingforone341683522.wordpress.com/the-blog/
www.tastymealsforyou.com,Food,https://www.tastymealsforyou.com/
www.jackieshappyplate.com,Food,http://www.jackieshappyplate.com/
bananaleafindia.com,Food,http://bananaleafindia.com/
www.cadbury.co.uk,Food,https://www.cadbury.co.uk/
www.lays.com,Food,https://www.lays.com/
hebbarskitchen.com,Food,https://hebbarskitchen.com/
pizzabythebay.in,Food,https://pizzabythebay.in/
www.gopapaya.co.in,Food,https://www.gopapaya.co.in/
www.collegenet.com,Education,https://www.collegenet.com/
admissionsplus.blogspot.com,Education,http://admissionsplus.blogspot.com/
www.andhrauniversity.info,Education,http://www.andhrauniversity.info/
www.somaiya.edu,Education,https://www.somaiya.edu/en
www.iitg.ernet.in,Education,http://www.iitg.ernet.in/
www.kic.org.uk,Education,https://www.kic.org.uk/nottingham-trent/
cujs.soc.srcf.net,Education,http://cujs.soc.srcf.net/
www.realcollegelife.com,Education,http://www.realcollegelife.com/
www.columbia.ab.ca,Education,http://www.columbia.ab.ca/
www.ualberta.ca,Education,http://www.ualberta.ca/NATIVESTUDIES/
www.politicalscience.ualberta.ca,Education,http://www.politicalscience.ualberta.ca/
unschoolers.com,Education,http://unschoolers.com/
www.worldwidelearn.com,Education,http://www.worldwidelearn.com/vocational-training.htm
www.qac.ac.uk,Education,http://www.qac.ac.uk/
www.childnow.org,Education,http://www.childnow.org/
www.execbar.com,Education,http://www.execbar.com/
agentschoiceonline.com,Education,http://agentschoiceonline.com/
www.mcqs.com,Education,http://www.mcqs.com/
www.aestheticrealism.org,Education,http://www.aestheticrealism.org/Education-LR.htm
www.instrumentalchemistry.com,Education,http://www.instrumentalchemistry.com/
www.aesociety.org,Education,http://www.aesociety.org/
www.studyhplc.com,Education,http://www.studyhplc.com/
link.springer.com,Education,http://link.springer.com/journal/11094
www.synapses.co.uk,Education,http://www.synapses.co.uk/alchemy/index.html
www.webqc.org,Education,http://www.webqc.org/
education.jlab.org,Education,http://education.jlab.org/elementflashcards/
www.chemcollective.org,Education,http://www.chemcollective.org/
www.chemguide.co.uk,Education,http://www.chemguide.co.uk/
www.chemistry.co.nz,Education,http://www.chemistry.co.nz/
www.sciencegeek.net,Education,http://www.sciencegeek.net/
www.quantum-chemistry-history.com,Education,http://www.quantum-chemistry-history.com/
www.chemicalelements.com,Education,http://www.chemicalelements.com/elements/al.html
www.geopolymer.org,Education,http://www.geopolymer.org/
www.chem1.com,Education,http://www.chem1.com/acad/webtext/virtualtextbook.html
environmentalchemistry.com,Education,http://environmentalchemistry.com/
www.visionlearning.com,Education,http://www.visionlearning.com/library/science/chemistry-1/CHE1.7-bonding.htm
www.math.tifr.res.in,Education,http://www.math.tifr.res.in/
www.allaboutcircuits.com,Education,http://www.allaboutcircuits.com/vol_4/chpt_7/index.html
www.algebra.com,Education,http://www.algebra.com/
mathworld.wolfram.com,Education,http://mathworld.wolfram.com/topics/LinearAlgebra.html
www.algebra-answer.com,Education,http://www.algebra-answer.com/
www.amstat.org,Education,http://www.amstat.org/publications/jcgs/
mathonline.edusoftmax.com,Education,http://mathonline.edusoftmax.com/
imammb.oxfordjournals.org,Education,http://imammb.oxfordjournals.org/
www.calculus.org,Education,http://www.calculus.org/
scienceworld.wolfram.com,Education,http://scienceworld.wolfram.com/biography/Eudoxus.html
www.shyamsundergupta.com,Education,http://www.shyamsundergupta.com/amicable.htm
www.numbertheory.org,Education,http://www.numbertheory.org/ntw/N5.html
www.gtcenter.org,Education,http://www.gtcenter.org/
www.appliedprobability.org,Education,http://www.appliedprobability.org/
www.calculator.org,Education,http://www.calculator.org/
www.lasers.org.uk,Education,http://www.lasers.org.uk/Courses/msc.htm
darkmattertheories.com,Education,http://darkmattertheories.com/
www.mtnmath.com,Education,http://www.mtnmath.com/
www.scholarpedia.org,Education,http://www.scholarpedia.org/article/Encyclopedia_of_astrophysics
www.physics.uoguelph.ca,Education,http://www.physics.uoguelph.ca/tutorials/shm/Q.shm.html
www.physicsweb.org,Education,http://www.physicsweb.org/bestof/cond-mathttp://www.cristal.org/course/
www.worldscienceu.com,Education,http://www.worldscienceu.com/
www.cosmolearning.com,Education,http://www.cosmolearning.com/physics/
www.interactivescienceteacher.com,Education,http://www.interactivescienceteacher.com/
www.fearofphysics.com,Education,http://www.fearofphysics.com/
www.wondermagnet.com,Education,http://www.wondermagnet.com/
www.geneticanthropology.org,Education,http://www.geneticanthropology.org/
archaeology.about.com,Education,http://archaeology.about.com/library/univ/blggsa.htm
www.trentu.ca,Education,http://www.trentu.ca/archaeology/
geographyfieldwork.com,Education,http://geographyfieldwork.com/
www.shodor.org,Education,http://www.shodor.org/metweb/index.html
geostudies.co.uk,Education,http://geostudies.co.uk/
www.earthscienceeducation.com,Education,http://www.earthscienceeducation.com/
geea.lyellcollection.org,Education,http://geea.lyellcollection.org/
www.earthsciweek.org,Education,http://www.earthsciweek.org/
www.geomatics.ucalgary.ca,Education,http://www.geomatics.ucalgary.ca/
www.journals.elsevier.com,Education,http://www.journals.elsevier.com/palaeogeography-palaeoclimatology-palaeoecology/
explorable.com,Education,https://explorable.com/
www.all-science-fair-projects.com,Education,http://www.all-science-fair-projects.com/
www.b2science.org,Education,http://www.b2science.org/http://www.smu.ca/academic/science/envstud/
www.wageningenur.nl,Education,http://www.wageningenur.nl/en/Expertise-Services/Chair-groups/Animal-Sciences/Animal-Production-Systems-Group.htm
www.agronomy.org,Education,http://www.agronomy.org/
www.getonthebus.org,Education,http://www.getonthebus.org/
www.theskyscrapers.org,Education,http://www.theskyscrapers.org/
www.bigear.org,Education,http://www.bigear.org/
www.colorbasepair.com,Education,http://www.colorbasepair.com/bioinformatics_courses_tutorials.html
www.astrosociety.org,Education,http://www.astrosociety.org/
www.ccmb.res.in,Education,http://www.ccmb.res.in/
www.biochemist.org,Education,http://www.biochemist.org/bio/
botany.about.com,Education,http://botany.about.com/
www.evolutionary-ecology.com,Education,http://www.evolutionary-ecology.com/
www.learningastronomy.com,Education,http://www.learningastronomy.com/
www.sciencedirect.com,Education,http://www.sciencedirect.com/science/journal/10898603
www.springer.com,Education,http://www.springer.com/biomed/journal/418
www.biology.lu.se,Education,http://www.biology.lu.se/
jmcb.oxfordjournals.org,Education,http://jmcb.oxfordjournals.org/
www.itrcindia.org,Education,http://www.itrcindia.org/
www.agclassroom.org,Education,http://www.agclassroom.org/
www.life.illinois.edu,Education,http://www.life.illinois.edu/hanks/
dinosaurtheory.com,Education,http://dinosaurtheory.com/theory.html
www.britannica.com,Education,http://www.britannica.com/EBchecked/topic/409383/neptunium
www.peapod.com,E-Commerce,https://www.peapod.com/
relianceretail.com,E-Commerce,https://relianceretail.com/reliance-fresh.html
www.amazon.in,E-Commerce,https://www.amazon.in/alm/storefront?almBrandId=ctnow
www.bigbasket.com,E-Commerce,https://www.bigbasket.com/?utm_source=google&utm_medium=cpc&utm_campaign=Brand-MUM&gclid=CjwKCAiA7939BRBMEiwA-hX5J8-2dP6c4KbAi3aTcKNlF5o72hQCBLa1UreE1QYGJlSH8RWqSEP0wRoCmpMQAvD_BwE
www.instacart.com,E-Commerce,https://www.instacart.com/
www.naturesbasket.co.in,E-Commerce,https://www.naturesbasket.co.in/
www.starquik.com,E-Commerce,https://www.starquik.com/
www.spencersretail.com,E-Commerce,http://www.spencersretail.com/
paytmmall.com,E-Commerce,https://paytmmall.com/supermarket-glpid-101310
www.dunzo.com,E-Commerce,https://www.dunzo.com/mumbai
www.easyday.in,E-Commerce,https://www.easyday.in/
www.flipkart.com,E-Commerce,https://www.flipkart.com/grocery-supermart-store?marketplace=GROCERY
www.patanjaliayurved.net,E-Commerce,https://www.patanjaliayurved.net/
www.bigmartretail.com,E-Commerce,https://www.bigmartretail.com/
www.suprdaily.com,E-Commerce,https://www.suprdaily.com/
www.waitrose.com,E-Commerce,https://www.waitrose.com/ecom/shop/browse/groceries
www.asos.com,E-Commerce,https://www.asos.com/
www.guess.com,E-Commerce,http://www.guess.com/
www.fashionnova.com,E-Commerce,https://www.fashionnova.com/
www2.hm.com,E-Commerce,https://www2.hm.com/en_in/index.html
www.urbanic.com,E-Commerce,https://www.urbanic.com/?country_code=IN&utm_source=google&utm_medium=cpc&gclid=CjwKCAiA7939BRBMEiwA-hX5JxrSomTtxmB1OVfePe9Bp00h
www.aeropostale.com,E-Commerce,http://www.aeropostale.com/
www.edgewear.com,E-Commerce,http://www.edgewear.com/
www.berrylush.com,E-Commerce,https://www.berrylush.com/
www.bonkerscorner.com,E-Commerce,https://www.bonkerscorner.com/product-category/women/?utm_source=google&utm_medium=cpc&utm_campaign=brand-ad&gclid=CjwKCAiA7939BRBMEiwA-h
burgerbaeclothing.com,E-Commerce,https://burgerbaeclothing.com/
desiminimals.com,E-Commerce,https://desiminimals.com/
www.cottonseedusa.com,E-Commerce,http://www.cottonseedusa.com/
www.jimsclothing.com,E-Commerce,http://www.jimsclothing.com/
www.themontanascene.com,E-Commerce,http://www.themontanascene.com/
www.landsend.com,E-Commerce,http://www.landsend.com/
www.outletshirts.com,E-Commerce,http://www.outletshirts.com/
shop.mango.com,E-Commerce,https://shop.mango.com/in
www.only.in,E-Commerce,https://www.only.in/
www.kdsurfshop.com,E-Commerce,https://www.kdsurfshop.com/
hollywoodfashionsecrets.com,E-Commerce,https://hollywoodfashionsecrets.com/
www.beltsdirect.com,E-Commerce,http://www.beltsdirect.com/
www.accessorize.com,E-Commerce,https://www.accessorize.com/row/
www.hotfingersgloves.com,E-Commerce,http://www.hotfingersgloves.com/
www.ayeshaaccessories.com,E-Commerce,https://www.ayeshaaccessories.com/
www.bagborroworsteal.com,E-Commerce,https://www.bagborroworsteal.com/
www.claires.com,E-Commerce,https://www.claires.com/
www.scarves.com,E-Commerce,http://www.scarves.com/
www.fashionheaven.com,E-Commerce,http://www.fashionheaven.com/
www.jewelsgalaxy.com,E-Commerce,https://www.jewelsgalaxy.com/
rainbowmetals.com,E-Commerce,http://rainbowmetals.com/
www.lbow.com,E-Commerce,http://www.lbow.com/
www.tropicalenterprises.com,E-Commerce,http://www.tropicalenterprises.com/
www.lovedesignerbags.com,E-Commerce,http://www.lovedesignerbags.com/
www.dellamoda.com,E-Commerce,http://www.dellamoda.com/
www.suspenderstore.com,E-Commerce,http://www.suspenderstore.com/
simplyscarves.com,E-Commerce,http://simplyscarves.com/
www.shoplindasstuff.com,E-Commerce,http://www.shoplindasstuff.com/
inayajewelry.com,E-Commerce,https://inayajewelry.com/
viange.in,E-Commerce,https://viange.in/
www.fastballoons.com,E-Commerce,http://www.fastballoons.com/
www.bigsmall.in,E-Commerce,https://www.bigsmall.in/
www.giftcart.com,E-Commerce,https://www.giftcart.com/
www.americangiftfactory.com,E-Commerce,http://www.americangiftfactory.com/
www.basketcreationsplus.com,E-Commerce,http://www.basketcreationsplus.com/
www.babyblooms.co.uk,E-Commerce,http://www.babyblooms.co.uk/
www.likeadoll.com,E-Commerce,http://www.likeadoll.com/
www.msmugs.com,E-Commerce,http://www.msmugs.com/http://www.collagery.com/
www.giftsin24.com,E-Commerce,http://www.giftsin24.com/
www.affirmations.com.au,E-Commerce,http://www.affirmations.com.au/
www.personalcreations.com,E-Commerce,http://www.personalcreations.com/
wrapsodyonline.com,E-Commerce,http://wrapsodyonline.com/
www.gallerycollection.com,E-Commerce,http://www.gallerycollection.com/
www.archiesonline.com,E-Commerce,https://www.archiesonline.com/
www.lusonic.com,E-Commerce,http://www.lusonic.com/
www.vijaysales.com,E-Commerce,https://www.vijaysales.com/?gclid=Cj0KCQiAkuP9BRCkARIsAKGLE8XNFFBps909mKzX4jdv7mqfunBVwGYRtAEKDq0EUJ25g7eJ_S8KLqQaAktIEALw_wcB
www.newtube.com,E-Commerce,http://www.newtube.com/
www.angledcables.com,E-Commerce,http://www.angledcables.com/
www.ezmaal.com,E-Commerce,https://www.ezmaal.com/
www.abrown.com,E-Commerce,http://www.abrown.com/
shippingcasesnow.com,E-Commerce,https://shippingcasesnow.com/
www.cordlessworkz.com,E-Commerce,http://www.cordlessworkz.com/
www.ninjaremote.com,E-Commerce,http://www.ninjaremote.com/
www.headphone.com,E-Commerce,http://www.headphone.com/
www.ajio.com,E-Commerce,https://www.ajio.com/
www.shopclues.com,E-Commerce,https://www.shopclues.com/
www.tatacliq.com,E-Commerce,https://www.tatacliq.com/
www.koovs.com,E-Commerce,https://www.koovs.com/
www.cilory.com,E-Commerce,https://www.cilory.com/
www.snapdeal.com,E-Commerce,https://www.snapdeal.com/
www.westside.com,E-Commerce,https://www.westside.com/
centralandme.com,E-Commerce,https://centralandme.com/
www.bata.in,E-Commerce,https://www.bata.in/
www.stevemadden.in,E-Commerce,https://www.stevemadden.in/
www.nykaa.com,E-Commerce,https://www.nykaa.com/
www.fnp.com,E-Commerce,https://www.fnp.com/
thejodilife.com,E-Commerce,https://thejodilife.com/https://www.voylla.com/
bellofox.com,E-Commerce,https://bellofox.com/
www.luluandsky.com,E-Commerce,https://www.luluandsky.com/
www.pipabella.com,E-Commerce,https://www.pipabella.com/
www.houseofindya.com,E-Commerce,https://www.houseofindya.com/women-accessories/cat
www.maccosmetics.com,E-Commerce,https://www.maccosmetics.com/
www.kasrl.org,Computers and Technology,http://www.kasrl.org/jaffe.html
www.gmdhshell.com,Computers and Technology,https://www.gmdhshell.com/
cadingandcoding.blogspot.com,Computers and Technology,http://cadingandcoding.blogspot.com/
www.panzercad.com,Computers and Technology,http://www.panzercad.com/
www.metalopt.com,Computers and Technology,http://www.metalopt.com/
qualgorithms.blogspot.com,Computers and Technology,http://qualgorithms.blogspot.com/
www.enterthegrid.com,Business/Corporate,http://www.enterthegrid.com/
www.comcraftfr.com,Computers and Technology,http://www.comcraftfr.com/
gailly.net,Computers and Technology,http://gailly.net/
www.stringology.org,Computers and Technology,http://www.stringology.org/
www.siam.org,Computers and Technology,http://www.siam.org/meetings/da02/
www.epaperpress.com,Computers and Technology,http://www.epaperpress.com/sortsearch/
www.agenarisk.com,Computers and Technology,http://www.agenarisk.com/
www.cra.com,Computers and Technology,http://www.cra.com/bnet
qsmm.org,Computers and Technology,http://qsmm.org/
www.tensorflow.org,Computers and Technology,https://www.tensorflow.org/
www.filegate.net,Computers and Technology,http://www.filegate.net/
www.idecad.com,Computers and Technology,http://www.idecad.com/
www.m8tools.com,Computers and Technology,http://www.m8tools.com/
www.editcnc.com,Computers and Technology,http://www.editcnc.com/
www.brightonbased.co.uk,Computers and Technology,http://www.brightonbased.co.uk/
www.flpcdr.com,Computers and Technology,http://www.flpcdr.com/
www.seagrasssoftware.com,Computers and Technology,http://www.seagrasssoftware.com/
vrlab.epfl.ch,Computers and Technology,http://vrlab.epfl.ch/
www.ec2002.tue.nl,Computers and Technology,http://www.ec2002.tue.nl/
ndb.cs.aau.dk,Computers and Technology,http://ndb.cs.aau.dk/
www.rulequest.com,Computers and Technology,http://www.rulequest.com/Personal/
www.stroustrup.com,Computers and Technology,http://www.stroustrup.com/
www.hindawi.com,Computers and Technology,http://www.hindawi.com/journals/am/
www.hcibib.org,Computers and Technology,http://www.hcibib.org/hci-sites/BIBLIOGRAPHY.html
portal.acm.org,Computers and Technology,http://portal.acm.org/
www.pdftask.com,Computers and Technology,http://www.pdftask.com/
pdfmerge.w69b.com,Computers and Technology,http://pdfmerge.w69b.com/
www.ilovepdf.com,Computers and Technology,http://www.ilovepdf.com/
www.mytechtime.com,Computers and Technology,http://www.mytechtime.com/2009/07/postscript-benefits.html
filesystems.org,Computers and Technology,http://filesystems.org/
www.graphicsacademy.com,Computers and Technology,http://www.graphicsacademy.com/format.php
catb.org,Computers and Technology,http://catb.org/~esr/gif2png/
trac.osgeo.org,Computers and Technology,http://trac.osgeo.org/geotiff/
www.help-info.de,Computers and Technology,http://www.help-info.de/en/
www.textuality.com,Computers and Technology,http://www.textuality.com/xml/
www.postersw.com,Computers and Technology,http://www.postersw.com/
products.office.com,Computers and Technology,https://products.office.com/en-us/publisher
www.ebookcompiler.com,Computers and Technology,http://www.ebookcompiler.com/
www.retrosoftware.co.uk,Computers and Technology,http://www.retrosoftware.co.uk/
www.emigre.com,Computers and Technology,http://www.emigre.com/
www.favicon.cc,Computers and Technology,http://www.favicon.cc/
www.freedom-to-tinker.com,Computers and Technology,http://www.freedom-to-tinker.com/
hci4all.at,Computers and Technology,http://hci4all.at/
www.martnet.com,Computers and Technology,http://www.martnet.com/
www.interconnect.net,Computers and Technology,http://www.interconnect.net/
www.cbrdigital.com,Computers and Technology,http://www.cbrdigital.com/
www.1lovecards.com,Computers and Technology,http://www.1lovecards.com/
webonthefly.com,Computers and Technology,http://webonthefly.com/
fusionlayer.com,Computers and Technology,http://fusionlayer.com/
www.lqexcel.com,Computers and Technology,http://www.lqexcel.com/ado.php
www.generexe.nl,Computers and Technology,http://www.generexe.nl/
www.caffeineowl.com,Computers and Technology,http://www.caffeineowl.com/
www.flipcode.com,Computers and Technology,http://www.flipcode.com/archives/
www.freevbcode.com,Computers and Technology,http://www.freevbcode.com/
www.quirksmode.org,Computers and Technology,http://www.quirksmode.org/js/index.html?dhtmloptions.html
lambda-the-ultimate.org,Computers and Technology,http://lambda-the-ultimate.org/
www.snakeisland.com,Computers and Technology,http://www.snakeisland.com/
www.josuttis.com,Computers and Technology,http://www.josuttis.com/tmplbook/
www.lullsoft.com,Computers and Technology,http://www.lullsoft.com/
windowsbro.blogspot.com,Computers and Technology,http://windowsbro.blogspot.com/
www.hsix.com,Computers and Technology,http://www.hsix.com/
www.tagspaces.org,Computers and Technology,http://www.tagspaces.org/
www.tgrmn.com,Computers and Technology,http://www.tgrmn.com/
www.dvdshrink.org,Computers and Technology,http://www.dvdshrink.org/
notifier.email.my,Computers and Technology,http://notifier.email.my/
www.babylon.com,Computers and Technology,http://www.babylon.com/
site.icu-project.org,Computers and Technology,http://site.icu-project.org/
www.paxit.com,Computers and Technology,http://www.paxit.com/
www.acronis.com,Computers and Technology,https://www.acronis.com/en-us/
www.cthing.com,Computers and Technology,http://www.cthing.com/
www.nbsoft.co.uk,Computers and Technology,http://www.nbsoft.co.uk/
www.hddlife.com,Computers and Technology,http://www.hddlife.com/
www.pocketsoap.com,Computers and Technology,http://www.pocketsoap.com/4s4c/
www.gibney.de,Computers and Technology,http://www.gibney.de/
www.adahome.com,Computers and Technology,http://www.adahome.com/
juggle.gaertner.de,Computers and Technology,http://juggle.gaertner.de/
www.beroset.com,Computers and Technology,http://www.beroset.com/
4mhz.de,Computers and Technology,http://4mhz.de/bfdev.html
www.viworld.com,Computers and Technology,http://www.viworld.com/
www.argonblue.com,Computers and Technology,http://www.argonblue.com/
meyerweb.com,Computers and Technology,http://meyerweb.com/
www.funshare.mobi,Computers and Technology,http://www.funshare.mobi/
www.alternativepedia.com,Computers and Technology,http://www.alternativepedia.com/
www.multiagent.com,Computers and Technology,http://www.multiagent.com/
www.data-compression.info,Computers and Technology,http://www.data-compression.info/
www.accrepairs.com,Business/Corporate,http://www.accrepairs.com/
www.globalstar.com,Business/Corporate,http://www.globalstar.com/
www.easycomm.co.in,Business/Corporate,http://www.easycomm.co.in/
www.ephonecards.com.au,Business/Corporate,http://www.ephonecards.com.au/
www.fibertelcontractors.com,Business/Corporate,http://www.fibertelcontractors.com/
www.americanhelpdesk.com,Business/Corporate,http://www.americanhelpdesk.com/
www.globalentrepreneurshipconsortium.org,Business/Corporate,http://www.globalentrepreneurshipconsortium.org/
howtofreelance.com,Business/Corporate,http://howtofreelance.com/
www.nofussaccounting.com,Business/Corporate,http://www.nofussaccounting.com/
www.homeworkingmom.com,Business/Corporate,http://www.homeworkingmom.com/
www.jewelryshopkeeper.com,Business/Corporate,http://www.jewelryshopkeeper.com/
www.realtyexecutives.com,Business/Corporate,http://www.realtyexecutives.com/
www.naiglobal.com,Business/Corporate,http://www.naiglobal.com/
www.globalvaluation.com,Business/Corporate,http://www.globalvaluation.com/
www.sunbeltnetwork.com,Business/Corporate,http://www.sunbeltnetwork.com/
www.selfstoragebrokersofamerica.com,Business/Corporate,http://www.selfstoragebrokersofamerica.com/
www.retailstudy.com,Business/Corporate,http://www.retailstudy.com/
www.recapadvisors.com,Business/Corporate,http://www.recapadvisors.com/
www.skylinepacific.com,Business/Corporate,http://www.skylinepacific.com/
www.lawyersadvantage.com,Business/Corporate,http://www.lawyersadvantage.com/
www.stocktrading.com,Business/Corporate,http://www.stocktrading.com/
www.futurefunds.com.au,Business/Corporate,http://www.futurefunds.com.au/
www.institutionalfunds.com,Business/Corporate,http://www.institutionalfunds.com/
www.equitypandit.com,Business/Corporate,http://www.equitypandit.com/
www.jpaerospace.com,Business/Corporate,http://www.jpaerospace.com/
www.oysterknife.co.nz,Business/Corporate,http://www.oysterknife.co.nz/
www.southislandaquarium.com,Business/Corporate,http://www.southislandaquarium.com/
www.industrialsystems.us,Business/Corporate,http://www.industrialsystems.us/
www.treemaintenance.com,Business/Corporate,http://www.treemaintenance.com/
www.unitednature.com,Business/Corporate,http://www.unitednature.com/
www.cmaauctions.com,Business/Corporate,http://www.cmaauctions.com/
www.milestoneproductions.ie,Business/Corporate,http://www.milestoneproductions.ie/
www.atma.com.au,Business/Corporate,http://www.atma.com.au/cbk/
www.accaglobal.com,Business/Corporate,http://www.accaglobal.com/
www.treasurers.org,Business/Corporate,http://www.treasurers.org/
www.agacgfm.org,Business/Corporate,http://www.agacgfm.org/
www.aiaponline.com,Business/Corporate,http://www.aiaponline.com/
www.stevesaircraft.com,Business/Corporate,http://www.stevesaircraft.com/
www.sunshineaircraft.com,Business/Corporate,http://www.sunshineaircraft.com/
www.vicair.net,Business/Corporate,http://www.vicair.net/
www.worldwideaircraft.com,Business/Corporate,http://www.worldwideaircraft.com/
guysaircraft.com,Business/Corporate,http://guysaircraft.com/
www.jacobstrading.com,Business/Corporate,http://www.jacobstrading.com/
www.centralsupplyandrubber.com,Business/Corporate,http://www.centralsupplyandrubber.com/
www.precisiontrucks.com,Business/Corporate,http://www.precisiontrucks.com/
www.falcontrailers.com,Business/Corporate,http://www.falcontrailers.com/
www.parkwaywrecker.com,Business/Corporate,http://www.parkwaywrecker.com/
www.combswrecker.com,Business/Corporate,http://www.combswrecker.com/
www.costdownconsulting.com,Business/Corporate,http://www.costdownconsulting.com/
www.accountservices.com,Business/Corporate,http://www.accountservices.com/
www.nolarindustries.com,Business/Corporate,http://www.nolarindustries.com/
www.swmintl.com,Business/Corporate,https://www.swmintl.com/
www.nextenergysolarfund.com,Business/Corporate,https://www.nextenergysolarfund.com/
www.seqifund.com,Business/Corporate,https://www.seqifund.com/
www.synconaltd.com,Business/Corporate,https://www.synconaltd.com/
www.woodplc.com,Business/Corporate,https://www.woodplc.com/
www.sabreplc.co.uk,Business/Corporate,https://www.sabreplc.co.uk/
www.cta.tech,Business/Corporate,https://www.cta.tech/
www.nyse.com,Business/Corporate,https://www.nyse.com/index
www2.deloitte.com,Business/Corporate,https://www2.deloitte.com/uk/en.html
www.hunttextiles.com,Business/Corporate,http://www.hunttextiles.com/
www.vesuvius.com,Business/Corporate,https://www.vesuvius.com/en/index.html
iocl.com,Business/Corporate,https://iocl.com/
www.quixotegroup.com,Business/Corporate,http://www.quixotegroup.com/
www.adepto.com,Business/Corporate,http://www.adepto.com/
measuredsolutions.com,Business/Corporate,http://measuredsolutions.com/
www.dctleathers.com,Business/Corporate,http://www.dctleathers.com/
www.electrosonic.com,Business/Corporate,http://www.electrosonic.com/
www.avistarentals.com,Business/Corporate,http://www.avistarentals.com/
www.photosoundav.com,Business/Corporate,http://www.photosoundav.com/
www.nextwavemedia.com,Business/Corporate,http://www.nextwavemedia.com/
www.scottygroup.com,Business/Corporate,http://www.scottygroup.com/
www.tradefirst.com,Business/Corporate,http://www.tradefirst.com/
mtmleadership.co.uk,Business/Corporate,http://mtmleadership.co.uk/
lightningstrikestudios.com,Business/Corporate,http://lightningstrikestudios.com/
www.script-fix.com,Business/Corporate,http://www.script-fix.com/
onesourcerelocation.com,Business/Corporate,http://onesourcerelocation.com/
www.relocationmoverservices.com,Business/Corporate,http://www.relocationmoverservices.com/
www.writeworks.biz,Business/Corporate,http://www.writeworks.biz/
www.epicurusconsulting.com,Business/Corporate,http://www.epicurusconsulting.com/
www.freelancers.net,Business/Corporate,http://www.freelancers.net/
www.interchangegroup.com,Business/Corporate,http://www.interchangegroup.com/
www.smartdesks.com,Business/Corporate,http://www.smartdesks.com/
www.artbizdesign.com,Business/Corporate,http://www.artbizdesign.com/
www.ncr.com,Business/Corporate,https://www.ncr.com/company/blogs/financial
www.americanbanker.com,Business/Corporate,https://www.americanbanker.com/
www.starlingbank.com,Business/Corporate,https://www.starlingbank.com/blog/
www.depositaccounts.com,Business/Corporate,https://www.depositaccounts.com/blog/
www.columbiabank.com,Business/Corporate,https://www.columbiabank.com/
blog.watrust.com,Business/Corporate,https://blog.watrust.com/
www.imb.com.au,Business/Corporate,https://www.imb.com.au/blog
oceanfirst.com,Business/Corporate,https://oceanfirst.com/about/blog/
www.rocklandtrust.com,Business/Corporate,https://www.rocklandtrust.com/welcome-to-rockland-trust
www.amalgamatedbank.com,Business/Corporate,https://www.amalgamatedbank.com/newresource
www.chime.com,Business/Corporate,https://www.chime.com/blog/
bankunderground.co.uk,Business/Corporate,https://bankunderground.co.uk/
bankingsupport.info,Business/Corporate,https://bankingsupport.info/
www.whomedigital.com.au,Business/Corporate,http://www.whomedigital.com.au/
www.scanstar.com,Business/Corporate,http://www.scanstar.com/
www8.hp.com,Business/Corporate,https://www8.hp.com/in/en/home.html
www.gpscheap.com,Business/Corporate,http://www.gpscheap.com/
www.absbattery.com,Business/Corporate,http://www.absbattery.com/
www.electroshops.com,Business/Corporate,http://www.electroshops.com/
www.cleanridge.com,Business/Corporate,http://www.cleanridge.com/
www.creativepetgifts.com,Business/Corporate,http://www.creativepetgifts.com/
www.htmarket.com,Business/Corporate,http://www.htmarket.com/
thrivemarket.com,Business/Corporate,https://thrivemarket.com/web/membership/welcome
